{"openapi":"3.0.0","info":{"title":"OASIS DSS 2.0","description":"OASIS DSS 2.0","contact":{"name":"OASIS DSS 2.0 Sample application support","url":"https:\/\/www.oasis-open.org\/committees\/tc_home.php?wg_abbrev=dss-x","email":"dss-x-comment@lists.oasis-open.org"},"license":{"name":"RF on Limited Terms","url":"https:\/\/www.oasis-open.org\/policies-guidelines\/ipr#RF-on-Limited-Mode"},"version":"0.1"},"servers":[{"url":"https:\/\/dev.trustable.eu:{port}\/{basePath}","description":"OASIS DSS 2.0 test instance","variables":{"port":{"default":"443"},"basePath":{"default":"dss\/v2.0\/test"}}}],"paths":{"\/sign":{"summary":"endpoint for requesting a signature","post":{"requestBody":{"description":"Sign request object","required":true,"content":{"application\/json":{"schema":{"$ref":"#\/components\/schemas\/dss2-SignRequestType"},"examples":{}}}},"responses":{"200":{"description":"Sign response object","content":{"application\/json":{"schema":{"$ref":"#\/components\/schemas\/dss2-SignResponseType"},"examples":{}}}},"default":{"description":"Sign response object","content":{"application\/json":{"schema":{"$ref":"#\/components\/schemas\/dss2-SignResponseType"},"examples":{}}}}}}},"\/verify":{"summary":"endpoint for requesting a verification","post":{"requestBody":{"description":"Verification request object","required":true,"content":{"application\/json":{"schema":{"$ref":"#\/components\/schemas\/dss2-VerifyRequestType"},"examples":{}}}},"responses":{"200":{"description":"Verification response object","content":{"application\/json":{"schema":{"$ref":"#\/components\/schemas\/dss2-VerifyResponseType"},"examples":{}}}},"default":{"description":"Verification response object","content":{"application\/json":{"schema":{"$ref":"#\/components\/schemas\/dss2-VerifyResponseType"},"examples":{}}}}}}},"\/retrievePending":{"summary":"endpoint for retrieving a pending operation","post":{"requestBody":{"description":"Pending request object","required":true,"content":{"application\/json":{"schema":{"$ref":"#\/components\/schemas\/dss2-PendingRequestType"},"examples":{}}}},"responses":{"200":{"description":"generic response object","content":{"application\/json":{"schema":{"$ref":"#\/components\/schemas\/dsb-ResponseBaseType"},"examples":{}}}},"default":{"description":"generic response object","content":{"application\/json":{"schema":{"$ref":"#\/components\/schemas\/dsb-ResponseBaseType"},"examples":{}}}}}}}},"components":{"schemas":{"md-ProviderType":{"x-xsd-type":"ProviderType","x-xsd-full-type":"md:ProviderType","type":"object","properties":{"name":{"type":"string"},"logo":{"type":"string"},"region":{"type":"string"},"lang":{"type":"array","items":{"type":"string"}},"description":{"type":"array","items":{"$ref":"#\/components\/schemas\/dsb-InternationalStringType"}},"authinfo":{"type":"string"},"protocol":{"type":"array","items":{"$ref":"#\/components\/schemas\/md-ProtocolType"}},"ext":{"type":"array","items":{"$ref":"#\/components\/schemas\/md-ExtensionType"}}},"required":["name","logo","region","protocol"]},"dsb-InternationalStringType":{"x-xsd-type":"InternationalStringType","x-xsd-full-type":"dsb:InternationalStringType","type":"object","properties":{"value":{"type":"string"},"lang":{"type":"string"}},"required":["lang"]},"md-ProtocolType":{"x-xsd-type":"ProtocolType","x-xsd-full-type":"md:ProtocolType","type":"object","properties":{"spec":{"type":"array","items":{"type":"string"}},"version":{"type":"string"},"description":{"type":"array","items":{"$ref":"#\/components\/schemas\/dsb-InternationalStringType"}},"profile":{"type":"array","items":{"$ref":"#\/components\/schemas\/md-ProfileType"}},"ext":{"type":"array","items":{"$ref":"#\/components\/schemas\/md-ExtensionType"}}},"required":["profile"]},"md-ProfileType":{"x-xsd-type":"ProfileType","x-xsd-full-type":"md:ProfileType","type":"object","properties":{"pid":{"type":"string"},"spec":{"type":"array","items":{"type":"string"}},"description":{"type":"array","items":{"$ref":"#\/components\/schemas\/dsb-InternationalStringType"}},"op":{"type":"array","items":{"$ref":"#\/components\/schemas\/md-OperationType"}},"pol":{"type":"array","items":{"$ref":"#\/components\/schemas\/md-PolicyType"}},"ext":{"type":"array","items":{"$ref":"#\/components\/schemas\/md-ExtensionType"}}},"required":["pid","op"]},"md-OperationType":{"x-xsd-type":"OperationType","x-xsd-full-type":"md:OperationType","type":"object","properties":{"name":{"type":"string"},"spec":{"type":"string"},"desc":{"type":"array","items":{"$ref":"#\/components\/schemas\/dsb-InternationalStringType"}},"in":{"type":"array","items":{"$ref":"#\/components\/schemas\/md-ParameterType"}},"opt":{"type":"array","items":{"$ref":"#\/components\/schemas\/md-ParameterType"}},"out":{"type":"array","items":{"$ref":"#\/components\/schemas\/md-ParameterType"}},"xsd":{"type":"string"},"ext":{"type":"array","items":{"$ref":"#\/components\/schemas\/md-ExtensionType"}}},"required":["name"]},"md-ParameterType":{"x-xsd-type":"ParameterType","x-xsd-full-type":"md:ParameterType","type":"object","properties":{"name":{"type":"string"},"spec":{"type":"string"},"desc":{"type":"array","items":{"$ref":"#\/components\/schemas\/dsb-InternationalStringType"}},"form":{"type":"array","items":{"$ref":"#\/components\/schemas\/md-FormatType"}},"xsd":{"type":"string"},"ext":{"type":"array","items":{"$ref":"#\/components\/schemas\/md-ExtensionType"}}},"required":["name"]},"md-FormatType":{"x-xsd-type":"FormatType","x-xsd-full-type":"md:FormatType","type":"object","properties":{"fid":{"type":"string"},"spec":{"type":"string"},"desc":{"type":"array","items":{"$ref":"#\/components\/schemas\/dsb-InternationalStringType"}},"trfo":{"$ref":"#\/components\/schemas\/dsigrw-TransformsType"},"format":{"type":"array","items":{"$ref":"#\/components\/schemas\/md-ParameterType"}},"ext":{"type":"array","items":{"$ref":"#\/components\/schemas\/dsb-AnyType"}},"def":{"type":"boolean","default":"false"}},"required":["fid"]},"dsigrw-TransformsType":{"x-xsd-type":"TransformsType","x-xsd-full-type":"ds-rw:TransformsType","type":"object","properties":{"transform":{"type":"array","items":{"$ref":"#\/components\/schemas\/dsigrw-TransformType"}}},"required":["transform"]},"dsigrw-TransformType":{"x-xsd-type":"TransformType","x-xsd-full-type":"ds-rw:TransformType","type":"object","properties":{"xpath":{"type":"array","items":{"type":"string"}},"val":{"type":"string"},"b64Content":{"type":"string"},"xPath":{"type":"array","items":{"type":"string"}},"nsDecl":{"type":"array","items":{"$ref":"#\/components\/schemas\/nsl-NsPrefixMappingType"}},"alg":{"type":"string"}},"required":["alg"]},"nsl-NsPrefixMappingType":{"x-xsd-type":"NsPrefixMappingType","x-xsd-full-type":"nsl:NsPrefixMappingType","type":"object","properties":{"uri":{"type":"string"},"pre":{"type":"string"}},"required":["uri","pre"]},"dsb-AnyType":{"x-xsd-type":"AnyType","x-xsd-full-type":"dsb:AnyType","type":"object","properties":{"ID":{"type":"string"},"val":{"type":"string"},"attRef":{"$ref":"#\/components\/schemas\/dsb-AttachmentReferenceType"},"transforms":{"$ref":"#\/components\/schemas\/dsigrw-TransformsType"},"mimeType":{"type":"string"},"idRef":{"type":"string"}}},"dsb-AttachmentReferenceType":{"x-xsd-type":"AttachmentReferenceType","x-xsd-full-type":"dsb:AttachmentReferenceType","type":"object","properties":{"di":{"type":"array","items":{"$ref":"#\/components\/schemas\/dsb-DigestInfoType"}},"attURI":{"type":"string"}},"required":["attURI"]},"dsb-DigestInfoType":{"x-xsd-type":"DigestInfoType","x-xsd-full-type":"dsb:DigestInfoType","type":"object","properties":{"alg":{"type":"string"},"val":{"type":"string"}},"required":["alg","val"]},"dsb-Base64DataType":{"x-xsd-type":"Base64DataType","x-xsd-full-type":"dsb:Base64DataType","type":"object","properties":{"ID":{"type":"string"},"val":{"type":"string"},"attRef":{"$ref":"#\/components\/schemas\/dsb-AttachmentReferenceType"},"transforms":{"$ref":"#\/components\/schemas\/dsigrw-TransformsType"},"mimeType":{"type":"string"},"idRef":{"type":"string"}}},"md-ExtensionType":{"x-xsd-type":"ExtensionType","x-xsd-full-type":"md:ExtensionType","type":"object","properties":{"name":{"type":"string"},"value":{"type":"string"}},"required":["name","value"]},"md-PolicyType":{"x-xsd-type":"PolicyType","x-xsd-full-type":"md:PolicyType","type":"object","properties":{"type":{"type":"string","format":"uri"},"pbref":{"$ref":"#\/components\/schemas\/md-PolicyByRefType"},"pbdef":{"$ref":"#\/components\/schemas\/dsb-AnyType"},"ep":{"type":"array","items":{"type":"string"}},"ext":{"type":"array","items":{"$ref":"#\/components\/schemas\/md-ExtensionType"}}}},"md-PolicyByRefType":{"x-xsd-type":"PolicyByRefType","x-xsd-full-type":"md:PolicyByRefType","type":"object","properties":{"polid":{"type":"string"},"polloc":{"type":"string"}},"required":["polid"]}}}}