{"swagger":"2.0","info":{"title":"OASIS DSS 2.0","description":"OASIS DSS 2.0","version":"0.1","contact":{"name":"OASIS DSS 2.0 Sample application support","url":"https:\/\/www.oasis-open.org\/committees\/tc_home.php?wg_abbrev=dss-x","email":"dss-x-comment@lists.oasis-open.org"},"license":{"name":"RF on Limited Terms","url":"https:\/\/www.oasis-open.org\/policies-guidelines\/ipr#RF-on-Limited-Mode"}},"host":"dev.trustable.eu:443","basePath":"\/dss\/v2.0\/test","schemes":["https"],"paths":{"\/sign":{"post":{"consumes":["application\/json"],"produces":["application\/json"],"parameters":[{"description":"Sign request object","in":"body","name":"body","required":true,"schema":{"$ref":"#\/definitions\/dss2-SignRequestType"}}],"responses":{"200":{"description":"Sign response object","schema":{"$ref":"#\/definitions\/dss2-SignResponseType"}},"default":{"description":"Sign response object","schema":{"$ref":"#\/definitions\/dss2-SignResponseType"}}}}},"\/verify":{"post":{"consumes":["application\/json"],"produces":["application\/json"],"parameters":[{"description":"Verification request object","in":"body","name":"body","required":true,"schema":{"$ref":"#\/definitions\/dss2-VerifyRequestType"}}],"responses":{"200":{"description":"Verification response object","schema":{"$ref":"#\/definitions\/dss2-VerifyResponseType"}},"default":{"description":"Verification response object","schema":{"$ref":"#\/definitions\/dss2-VerifyResponseType"}}}}},"\/retrievePending":{"post":{"consumes":["application\/json"],"produces":["application\/json"],"parameters":[{"description":"Pending request object","in":"body","name":"body","required":true,"schema":{"$ref":"#\/definitions\/dss2-PendingRequestType"}}],"responses":{"200":{"description":"generic response object","schema":{"$ref":"#\/definitions\/dsb-ResponseBaseType"}},"default":{"description":"generic response object","schema":{"$ref":"#\/definitions\/dsb-ResponseBaseType"}}}}}},"definitions":{"md-ProviderType":{"x-xsd-type":"ProviderType","x-xsd-full-type":"md:ProviderType","type":"object","properties":{"name":{"type":"string"},"logo":{"type":"string"},"region":{"type":"string"},"lang":{"type":"array","items":{"type":"string"}},"description":{"type":"array","items":{"$ref":"#\/definitions\/dsb-InternationalStringType"}},"authinfo":{"type":"string"},"protocol":{"type":"array","items":{"$ref":"#\/definitions\/md-ProtocolType"}},"ext":{"type":"array","items":{"$ref":"#\/definitions\/md-ExtensionType"}}},"required":["name","logo","region","protocol"]},"dsb-InternationalStringType":{"x-xsd-type":"InternationalStringType","x-xsd-full-type":"dsb:InternationalStringType","type":"object","properties":{"value":{"type":"string"},"lang":{"type":"string"}},"required":["lang"]},"md-ProtocolType":{"x-xsd-type":"ProtocolType","x-xsd-full-type":"md:ProtocolType","type":"object","properties":{"spec":{"type":"array","items":{"type":"string"}},"version":{"type":"string"},"description":{"type":"array","items":{"$ref":"#\/definitions\/dsb-InternationalStringType"}},"profile":{"type":"array","items":{"$ref":"#\/definitions\/md-ProfileType"}},"ext":{"type":"array","items":{"$ref":"#\/definitions\/md-ExtensionType"}}},"required":["profile"]},"md-ProfileType":{"x-xsd-type":"ProfileType","x-xsd-full-type":"md:ProfileType","type":"object","properties":{"pid":{"type":"string"},"spec":{"type":"array","items":{"type":"string"}},"description":{"type":"array","items":{"$ref":"#\/definitions\/dsb-InternationalStringType"}},"op":{"type":"array","items":{"$ref":"#\/definitions\/md-OperationType"}},"pol":{"type":"array","items":{"$ref":"#\/definitions\/md-PolicyType"}},"ext":{"type":"array","items":{"$ref":"#\/definitions\/md-ExtensionType"}}},"required":["pid","op"]},"md-OperationType":{"x-xsd-type":"OperationType","x-xsd-full-type":"md:OperationType","type":"object","properties":{"name":{"type":"string"},"spec":{"type":"string"},"desc":{"type":"array","items":{"$ref":"#\/definitions\/dsb-InternationalStringType"}},"in":{"type":"array","items":{"$ref":"#\/definitions\/md-ParameterType"}},"opt":{"type":"array","items":{"$ref":"#\/definitions\/md-ParameterType"}},"out":{"type":"array","items":{"$ref":"#\/definitions\/md-ParameterType"}},"xsd":{"type":"string"},"ext":{"type":"array","items":{"$ref":"#\/definitions\/md-ExtensionType"}}},"required":["name"]},"md-ParameterType":{"x-xsd-type":"ParameterType","x-xsd-full-type":"md:ParameterType","type":"object","properties":{"name":{"type":"string"},"spec":{"type":"string"},"desc":{"type":"array","items":{"$ref":"#\/definitions\/dsb-InternationalStringType"}},"form":{"type":"array","items":{"$ref":"#\/definitions\/md-FormatType"}},"xsd":{"type":"string"},"ext":{"type":"array","items":{"$ref":"#\/definitions\/md-ExtensionType"}}},"required":["name"]},"md-FormatType":{"x-xsd-type":"FormatType","x-xsd-full-type":"md:FormatType","type":"object","properties":{"fid":{"type":"string"},"spec":{"type":"string"},"desc":{"type":"array","items":{"$ref":"#\/definitions\/dsb-InternationalStringType"}},"trfo":{"$ref":"#\/definitions\/dsigrw-TransformsType"},"format":{"type":"array","items":{"$ref":"#\/definitions\/md-ParameterType"}},"ext":{"type":"array","items":{"$ref":"#\/definitions\/dsb-AnyType"}},"def":{"type":"boolean","default":"false"}},"required":["fid"]},"dsigrw-TransformsType":{"x-xsd-type":"TransformsType","x-xsd-full-type":"ds-rw:TransformsType","type":"object","properties":{"transform":{"type":"array","items":{"$ref":"#\/definitions\/dsigrw-TransformType"}}},"required":["transform"]},"dsigrw-TransformType":{"x-xsd-type":"TransformType","x-xsd-full-type":"ds-rw:TransformType","type":"object","properties":{"val":{"type":"string"},"b64Content":{"type":"string"},"xPath":{"type":"array","items":{"type":"string"}},"nsDecl":{"type":"array","items":{"$ref":"#\/definitions\/nsl-NsPrefixMappingType"}},"alg":{"type":"string"}},"required":["alg"]},"nsl-NsPrefixMappingType":{"x-xsd-type":"NsPrefixMappingType","x-xsd-full-type":"nsl:NsPrefixMappingType","type":"object","properties":{"uri":{"type":"string"},"pre":{"type":"string"}},"required":["uri","pre"]},"dsb-AnyType":{"x-xsd-type":"AnyType","x-xsd-full-type":"dsb:AnyType","type":"object","properties":{"ID":{"type":"string"},"val":{"type":"string"},"attRef":{"$ref":"#\/definitions\/dsb-AttachmentReferenceType"},"transforms":{"$ref":"#\/definitions\/dsigrw-TransformsType"},"mimeType":{"type":"string"},"idRef":{"type":"string"}}},"dsb-AttachmentReferenceType":{"x-xsd-type":"AttachmentReferenceType","x-xsd-full-type":"dsb:AttachmentReferenceType","type":"object","properties":{"di":{"type":"array","items":{"$ref":"#\/definitions\/dsb-DigestInfoType"}},"attURI":{"type":"string"}},"required":["attURI"]},"dsb-DigestInfoType":{"x-xsd-type":"DigestInfoType","x-xsd-full-type":"dsb:DigestInfoType","type":"object","properties":{"alg":{"type":"string"},"val":{"type":"string"}},"required":["alg","val"]},"dsb-Base64DataType":{"x-xsd-type":"Base64DataType","x-xsd-full-type":"dsb:Base64DataType","type":"object","properties":{"ID":{"type":"string"},"val":{"type":"string"},"attRef":{"$ref":"#\/definitions\/dsb-AttachmentReferenceType"},"transforms":{"$ref":"#\/definitions\/dsigrw-TransformsType"},"mimeType":{"type":"string"},"idRef":{"type":"string"}}},"md-ExtensionType":{"x-xsd-type":"ExtensionType","x-xsd-full-type":"md:ExtensionType","type":"object","properties":{"name":{"type":"string"},"value":{"type":"string"}},"required":["name","value"]},"md-PolicyType":{"x-xsd-type":"PolicyType","x-xsd-full-type":"md:PolicyType","type":"object","properties":{"type":{"type":"string","format":"uri"},"pbref":{"$ref":"#\/definitions\/md-PolicyByRefType"},"pbdef":{"$ref":"#\/definitions\/dsb-AnyType"},"ep":{"type":"array","items":{"type":"string"}},"ext":{"type":"array","items":{"$ref":"#\/definitions\/md-ExtensionType"}}}},"md-PolicyByRefType":{"x-xsd-type":"PolicyByRefType","x-xsd-full-type":"md:PolicyByRefType","type":"object","properties":{"polid":{"type":"string"},"polloc":{"type":"string"}},"required":["polid"]}}}