{"openapi":"3.0.0","info":{"title":"OASIS DSS 2.0","description":"OASIS DSS 2.0","contact":{"name":"OASIS DSS 2.0 Sample application support","url":"https:\/\/www.oasis-open.org\/committees\/tc_home.php?wg_abbrev=dss-x","email":"dss-x-comment@lists.oasis-open.org"},"license":{"name":"RF on Limited Terms","url":"https:\/\/www.oasis-open.org\/policies-guidelines\/ipr#RF-on-Limited-Mode"},"version":"0.1"},"servers":[{"url":"https:\/\/dev.trustable.eu:{port}\/{basePath}","description":"OASIS DSS 2.0 test instance","variables":{"port":{"default":"443"},"basePath":{"default":"dss\/v2.0\/test"}}}],"paths":{"\/sign":{"summary":"endpoint for requesting a signature","post":{"requestBody":{"description":"Sign request object","required":true,"content":{"application\/json":{"schema":{"$ref":"#\/components\/schemas\/dss2-SignRequestType"},"examples":{}}}},"responses":{"200":{"description":"Sign response object","content":{"application\/json":{"schema":{"$ref":"#\/components\/schemas\/dss2-SignResponseType"},"examples":{}}}},"default":{"description":"Sign response object","content":{"application\/json":{"schema":{"$ref":"#\/components\/schemas\/dss2-SignResponseType"},"examples":{}}}}}}},"\/verify":{"summary":"endpoint for requesting a verification","post":{"requestBody":{"description":"Verification request object","required":true,"content":{"application\/json":{"schema":{"$ref":"#\/components\/schemas\/dss2-VerifyRequestType"},"examples":{}}}},"responses":{"200":{"description":"Verification response object","content":{"application\/json":{"schema":{"$ref":"#\/components\/schemas\/dss2-VerifyResponseType"},"examples":{}}}},"default":{"description":"Verification response object","content":{"application\/json":{"schema":{"$ref":"#\/components\/schemas\/dss2-VerifyResponseType"},"examples":{}}}}}}},"\/retrievePending":{"summary":"endpoint for retrieving a pending operation","post":{"requestBody":{"description":"Pending request object","required":true,"content":{"application\/json":{"schema":{"$ref":"#\/components\/schemas\/dss2-PendingRequestType"},"examples":{}}}},"responses":{"200":{"description":"generic response object","content":{"application\/json":{"schema":{"$ref":"#\/components\/schemas\/dsb-ResponseBaseType"},"examples":{}}}},"default":{"description":"generic response object","content":{"application\/json":{"schema":{"$ref":"#\/components\/schemas\/dsb-ResponseBaseType"},"examples":{}}}}}}}},"components":{"schemas":{"dss2-SignRequestType":{"x-xsd-type":"SignRequestType","x-xsd-full-type":"dss2:SignRequestType","type":"object","properties":{"profile":{"type":"array","items":{"type":"string"}},"reqID":{"type":"string"},"inDocs":{"$ref":"#\/components\/schemas\/dss2-InputDocumentsType"},"optInp":{"$ref":"#\/components\/schemas\/dss2-OptionalInputsSignType"}}},"dss2-InputDocumentsType":{"x-xsd-type":"InputDocumentsType","x-xsd-full-type":"dss2:InputDocumentsType","type":"object","properties":{"doc":{"type":"array","items":{"$ref":"#\/components\/schemas\/dss2-DocumentType"}},"transformed":{"type":"array","items":{"$ref":"#\/components\/schemas\/dss2-TransformedDataType"}},"docHash":{"type":"array","items":{"$ref":"#\/components\/schemas\/dss2-DocumentHashType"}}}},"dss2-DocumentType":{"x-xsd-type":"DocumentType","x-xsd-full-type":"dss2:DocumentType","type":"object","properties":{"ID":{"type":"string"},"refURI":{"type":"string"},"refType":{"type":"string"},"schemaRefs":{"type":"array","items":{"$ref":"#\/components\/schemas\/dss2-DocumentType"}},"b64Data":{"$ref":"#\/components\/schemas\/dsb-Base64DataType"}},"required":["b64Data"]},"dsb-Base64DataType":{"x-xsd-type":"Base64DataType","x-xsd-full-type":"dsb:Base64DataType","type":"object","properties":{"ID":{"type":"string"},"val":{"type":"string"},"attRef":{"$ref":"#\/components\/schemas\/dsb-AttachmentReferenceType"},"transforms":{"$ref":"#\/components\/schemas\/dsigrw-TransformsType"},"mimeType":{"type":"string"},"idRef":{"type":"string"}}},"dsb-AttachmentReferenceType":{"x-xsd-type":"AttachmentReferenceType","x-xsd-full-type":"dsb:AttachmentReferenceType","type":"object","properties":{"di":{"type":"array","items":{"$ref":"#\/components\/schemas\/dsb-DigestInfoType"}},"attURI":{"type":"string"}},"required":["attURI"]},"dsb-DigestInfoType":{"x-xsd-type":"DigestInfoType","x-xsd-full-type":"dsb:DigestInfoType","type":"object","properties":{"alg":{"type":"string"},"val":{"type":"string"}},"required":["alg","val"]},"dsigrw-TransformsType":{"x-xsd-type":"TransformsType","x-xsd-full-type":"ds-rw:TransformsType","type":"object","properties":{"transform":{"type":"array","items":{"$ref":"#\/components\/schemas\/dsigrw-TransformType"}}},"required":["transform"]},"dsigrw-TransformType":{"x-xsd-type":"TransformType","x-xsd-full-type":"ds-rw:TransformType","type":"object","properties":{"xpath":{"type":"array","items":{"type":"string"}},"val":{"type":"string"},"b64Content":{"type":"string"},"xPath":{"type":"array","items":{"type":"string"}},"nsDecl":{"type":"array","items":{"$ref":"#\/components\/schemas\/dsb-NsPrefixMappingType"}},"alg":{"type":"string"}},"required":["alg"]},"dsb-NsPrefixMappingType":{"x-xsd-type":"NsPrefixMappingType","x-xsd-full-type":"dsb:NsPrefixMappingType","type":"object","properties":{"uri":{"type":"string"},"pre":{"type":"string"}},"required":["uri","pre"]},"dss2-TransformedDataType":{"x-xsd-type":"TransformedDataType","x-xsd-full-type":"dss2:TransformedDataType","type":"object","properties":{"ID":{"type":"string"},"refURI":{"type":"string"},"refType":{"type":"string"},"schemaRefs":{"type":"array","items":{"$ref":"#\/components\/schemas\/dss2-DocumentType"}},"transforms":{"$ref":"#\/components\/schemas\/dsigrw-TransformsType"},"b64Data":{"$ref":"#\/components\/schemas\/dsb-Base64DataType"},"whichRef":{"type":"integer"}},"required":["b64Data"]},"dss2-DocumentHashType":{"x-xsd-type":"DocumentHashType","x-xsd-full-type":"dss2:DocumentHashType","type":"object","properties":{"ID":{"type":"string"},"refURI":{"type":"string"},"refType":{"type":"string"},"schemaRefs":{"type":"array","items":{"$ref":"#\/components\/schemas\/dss2-DocumentType"}},"transforms":{"$ref":"#\/components\/schemas\/dsigrw-TransformsType"},"dis":{"type":"array","items":{"$ref":"#\/components\/schemas\/dsb-DigestInfoType"}},"whichRef":{"type":"integer"}},"required":["dis"]},"dss2-OptionalInputsSignType":{"x-xsd-type":"OptionalInputsSignType","x-xsd-full-type":"dss2:OptionalInputsSignType","type":"object","properties":{"policy":{"type":"array","items":{"type":"string"}},"lang":{"type":"string"},"other":{"type":"array","items":{"$ref":"#\/components\/schemas\/dsb-AnyType"}},"claimedIdentity":{"$ref":"#\/components\/schemas\/dss2-ClaimedIdentityType"},"schemas":{"$ref":"#\/components\/schemas\/dss2-SchemasType"},"addTimestamp":{"type":"array","items":{"type":"string"}},"enforceAsync":{"type":"boolean"},"nonce":{"type":"integer"},"sigType":{"type":"string"},"aud":{"$ref":"#\/components\/schemas\/dss2-IntendedAudienceType"},"keySel":{"type":"array","items":{"$ref":"#\/components\/schemas\/dss2-KeySelectorType"}},"props":{"$ref":"#\/components\/schemas\/dss2-PropertiesHolderType"},"incObj":{"type":"array","items":{"$ref":"#\/components\/schemas\/dss2-IncludeObjectType"}},"incContent":{"type":"boolean","default":"false"},"sigPlacement":{"$ref":"#\/components\/schemas\/dss2-SignaturePlacementType"},"signedRefs":{"$ref":"#\/components\/schemas\/dss2-SignedReferencesType"},"sigAlgo":{"type":"string"},"quality":{"type":"string"}}},"dsb-AnyType":{"x-xsd-type":"AnyType","x-xsd-full-type":"dsb:AnyType","type":"object","properties":{"ID":{"type":"string"},"val":{"type":"string"},"attRef":{"$ref":"#\/components\/schemas\/dsb-AttachmentReferenceType"},"transforms":{"$ref":"#\/components\/schemas\/dsigrw-TransformsType"},"mimeType":{"type":"string"},"idRef":{"type":"string"}}},"dss2-ClaimedIdentityType":{"x-xsd-type":"ClaimedIdentityType","x-xsd-full-type":"dss2:ClaimedIdentityType","type":"object","properties":{"name":{"$ref":"#\/components\/schemas\/saml2rw-NameIDType"},"suppInfo":{"$ref":"#\/components\/schemas\/dsb-AnyType"}},"required":["name"]},"saml2rw-NameIDType":{"x-xsd-type":"NameIDType","x-xsd-full-type":"saml2-rw:NameIDType","type":"object","properties":{"spnameQualifier":{"type":"string"},"spprovidedID":{"type":"string"},"value":{"type":"string"},"format":{"type":"string"},"provId":{"type":"string"},"nameQual":{"type":"string"},"spNameQual":{"type":"string"}}},"dss2-SchemasType":{"x-xsd-type":"SchemasType","x-xsd-full-type":"dss2:SchemasType","type":"object","properties":{"schema":{"type":"array","items":{"$ref":"#\/components\/schemas\/dss2-DocumentType"}}},"required":["schema"]},"dss2-IntendedAudienceType":{"x-xsd-type":"IntendedAudienceType","x-xsd-full-type":"dss2:IntendedAudienceType","type":"object","properties":{"recipient":{"type":"array","items":{"$ref":"#\/components\/schemas\/saml2rw-NameIDType"}}},"required":["recipient"]},"dss2-KeySelectorType":{"x-xsd-type":"KeySelectorType","x-xsd-full-type":"dss2:KeySelectorType","type":"object","properties":{"x509Digest":{"$ref":"#\/components\/schemas\/dss2-X509DigestType"},"sub":{"type":"string"},"ski":{"type":"string"},"cert":{"type":"string"},"name":{"type":"string"}},"minProperties":1,"maxProperties":1},"dss2-X509DigestType":{"x-xsd-type":"X509DigestType","x-xsd-full-type":"dss2:X509DigestType","type":"object","properties":{"value":{"type":"string"},"alg":{"type":"string"}},"required":["alg"]},"dss2-PropertiesHolderType":{"x-xsd-type":"PropertiesHolderType","x-xsd-full-type":"dss2:PropertiesHolderType","type":"object","properties":{"signedProps":{"$ref":"#\/components\/schemas\/dss2-PropertiesType"},"unsignedProps":{"$ref":"#\/components\/schemas\/dss2-PropertiesType"}}},"dss2-PropertiesType":{"x-xsd-type":"PropertiesType","x-xsd-full-type":"dss2:PropertiesType","type":"object","properties":{"prop":{"type":"array","items":{"$ref":"#\/components\/schemas\/dss2-PropertyType"}}},"required":["prop"]},"dss2-PropertyType":{"x-xsd-type":"PropertyType","x-xsd-full-type":"dss2:PropertyType","type":"object","properties":{"id":{"type":"string"},"val":{"$ref":"#\/components\/schemas\/dsb-AnyType"}},"required":["id"]},"dss2-IncludeObjectType":{"x-xsd-type":"IncludeObjectType","x-xsd-full-type":"dss2:IncludeObjectType","type":"object","properties":{"whichData":{"type":"string"},"hasObjectTagsAndAttributesSet":{"type":"boolean","default":"false"},"objId":{"type":"string"},"createRef":{"type":"boolean","default":"true"}}},"dss2-SignaturePlacementType":{"x-xsd-type":"SignaturePlacementType","x-xsd-full-type":"dss2:SignaturePlacementType","type":"object","properties":{"xpathFirstChildOf":{"type":"string"},"xpathAfter":{"type":"string"},"xPathAfter":{"type":"string"},"xPathFirstChildOf":{"type":"string"},"nsDecl":{"type":"array","items":{"$ref":"#\/components\/schemas\/dsb-NsPrefixMappingType"}},"whichData":{"type":"string"},"createEnvelopedSignature":{"type":"boolean","default":"true"}}},"dss2-SignedReferencesType":{"x-xsd-type":"SignedReferencesType","x-xsd-full-type":"dss2:SignedReferencesType","type":"object","properties":{"signedRef":{"type":"array","items":{"$ref":"#\/components\/schemas\/dss2-SignedReferenceType"}}},"required":["signedRef"]},"dss2-SignedReferenceType":{"x-xsd-type":"SignedReferenceType","x-xsd-full-type":"dss2:SignedReferenceType","type":"object","properties":{"transforms":{"$ref":"#\/components\/schemas\/dsigrw-TransformsType"},"whichDoc":{"type":"string"},"refURI":{"type":"string"},"refId":{"type":"string"}},"required":["whichDoc"]},"dss2-DocumentBaseType":{"x-xsd-type":"DocumentBaseType","x-xsd-full-type":"dss2:DocumentBaseType","type":"object","properties":{"ID":{"type":"string"},"refURI":{"type":"string"},"refType":{"type":"string"},"schemaRefs":{"type":"array","items":{"$ref":"#\/components\/schemas\/dss2-DocumentType"}}}},"dss2-SignResponseType":{"x-xsd-type":"SignResponseType","x-xsd-full-type":"dss2:SignResponseType","type":"object","properties":{"result":{"$ref":"#\/components\/schemas\/dsb-ResultType"},"profile":{"type":"array","items":{"type":"string"}},"reqID":{"type":"string"},"respID":{"type":"string"},"optOutp":{"$ref":"#\/components\/schemas\/dss2-OptionalOutputsSignType"},"sigObj":{"type":"array","items":{"$ref":"#\/components\/schemas\/dss2-SignatureObjectType"}}}},"dsb-ResultType":{"x-xsd-type":"ResultType","x-xsd-full-type":"dsb:ResultType","type":"object","properties":{"maj":{"type":"string","enum":["urn:oasis:names:tc:dss:1.0:resultmajor:Success","urn:oasis:names:tc:dss:1.0:resultmajor:RequesterError","urn:oasis:names:tc:dss:1.0:resultmajor:ResponderError","urn:oasis:names:tc:dss:1.0:resultmajor:InsufficientInformation","urn:oasis:names:tc:dss:1.0:profiles:asynchronousprocessing:resultmajor:Pending"]},"min":{"type":"string"},"msg":{"$ref":"#\/components\/schemas\/dsb-InternationalStringType"},"pRef":{"type":"string"}},"required":["maj"]},"dsb-InternationalStringType":{"x-xsd-type":"InternationalStringType","x-xsd-full-type":"dsb:InternationalStringType","type":"object","properties":{"value":{"type":"string"},"lang":{"type":"string"}},"required":["lang"]},"dss2-OptionalOutputsSignType":{"x-xsd-type":"OptionalOutputsSignType","x-xsd-full-type":"dss2:OptionalOutputsSignType","type":"object","properties":{"policy":{"type":"array","items":{"type":"string"}},"other":{"type":"array","items":{"$ref":"#\/components\/schemas\/dsb-AnyType"}},"schemas":{"$ref":"#\/components\/schemas\/dss2-SchemasType"},"docWithSignature":{"type":"array","items":{"$ref":"#\/components\/schemas\/dss2-DocumentWithSignatureType"}}}},"dss2-DocumentWithSignatureType":{"x-xsd-type":"DocumentWithSignatureType","x-xsd-full-type":"dss2:DocumentWithSignatureType","type":"object","properties":{"doc":{"$ref":"#\/components\/schemas\/dss2-DocumentType"},"whichDoc":{"type":"string"}},"required":["doc"]},"dss2-SignatureObjectType":{"x-xsd-type":"SignatureObjectType","x-xsd-full-type":"dss2:SignatureObjectType","type":"object","properties":{"b64Sig":{"$ref":"#\/components\/schemas\/dsb-Base64DataType"},"sigPtr":{"$ref":"#\/components\/schemas\/dsb-SignaturePtrType"},"schemaRefs":{"type":"array","items":{"$ref":"#\/components\/schemas\/dss2-DocumentBaseType"}},"whichDoc":{"type":"string"}},"minProperties":1},"dsb-SignaturePtrType":{"x-xsd-type":"SignaturePtrType","x-xsd-full-type":"dsb:SignaturePtrType","type":"object","properties":{"xpathQualifier":{"type":"string"},"xpath":{"type":"string"},"nsDecl":{"type":"array","items":{"$ref":"#\/components\/schemas\/dsb-NsPrefixMappingType"}},"whichData":{"type":"string"},"xPath":{"type":"string"},"xPathQual":{"type":"string","default":"http:\/\/www.w3.org\/TR\/2010\/REC-xpath20-20101214\/"}},"required":["whichData"]},"dss2-VerifyRequestType":{"x-xsd-type":"VerifyRequestType","x-xsd-full-type":"dss2:VerifyRequestType","type":"object","properties":{"profile":{"type":"array","items":{"type":"string"}},"reqID":{"type":"string"},"inDocs":{"$ref":"#\/components\/schemas\/dss2-InputDocumentsType"},"optInp":{"$ref":"#\/components\/schemas\/dss2-OptionalInputsVerifyType"},"sigObj":{"type":"array","items":{"$ref":"#\/components\/schemas\/dss2-SignatureObjectType"}}}},"dss2-OptionalInputsVerifyType":{"x-xsd-type":"OptionalInputsVerifyType","x-xsd-full-type":"dss2:OptionalInputsVerifyType","type":"object","properties":{"policy":{"type":"array","items":{"type":"string"}},"lang":{"type":"string"},"other":{"type":"array","items":{"$ref":"#\/components\/schemas\/dsb-AnyType"}},"claimedIdentity":{"$ref":"#\/components\/schemas\/dss2-ClaimedIdentityType"},"schemas":{"$ref":"#\/components\/schemas\/dss2-SchemasType"},"addTimestamp":{"type":"array","items":{"type":"string"}},"enforceAsync":{"type":"boolean"},"nonce":{"type":"integer"},"useVerificationTime":{"$ref":"#\/components\/schemas\/dss2-UseVerificationTimeType"},"returnVerificationTime":{"type":"boolean","default":"false"},"addKeyInfo":{"type":"array","items":{"$ref":"#\/components\/schemas\/dss2-AdditionalKeyInfoType"}},"returnProcDetails":{"type":"boolean","default":"false"},"returnSigningTime":{"type":"boolean","default":"false"},"returnSigner":{"type":"boolean","default":"false"},"returnAugmented":{"type":"string"},"returnTimestamped":{"type":"array","items":{"type":"string"}},"verifyManifests":{"type":"boolean","default":"false"}}},"dss2-UseVerificationTimeType":{"x-xsd-type":"UseVerificationTimeType","x-xsd-full-type":"dss2:UseVerificationTimeType","type":"object","properties":{"currTime":{"type":"boolean","default":"false"},"specTime":{"type":"integer","format":"utc-millisec"},"b64Content":{"type":"string"}},"minProperties":1,"maxProperties":1},"dss2-AdditionalKeyInfoType":{"x-xsd-type":"AdditionalKeyInfoType","x-xsd-full-type":"dss2:AdditionalKeyInfoType","type":"object","properties":{"ocspresponse":{"$ref":"#\/components\/schemas\/dsb-Base64DataType"},"x509Digest":{"$ref":"#\/components\/schemas\/dss2-X509DigestType"},"sub":{"type":"string"},"ski":{"type":"string"},"cert":{"$ref":"#\/components\/schemas\/dsb-Base64DataType"},"name":{"type":"string"},"crl":{"$ref":"#\/components\/schemas\/dsb-Base64DataType"},"ocsp":{"$ref":"#\/components\/schemas\/dsb-Base64DataType"},"poe":{"$ref":"#\/components\/schemas\/dsb-Base64DataType"}},"minProperties":1,"maxProperties":1},"dss2-VerifyResponseType":{"x-xsd-type":"VerifyResponseType","x-xsd-full-type":"dss2:VerifyResponseType","type":"object","properties":{"result":{"$ref":"#\/components\/schemas\/dsb-ResultType"},"profile":{"type":"array","items":{"type":"string"}},"reqID":{"type":"string"},"respID":{"type":"string"},"optOutp":{"$ref":"#\/components\/schemas\/dss2-OptionalOutputsVerifyType"}}},"dss2-OptionalOutputsVerifyType":{"x-xsd-type":"OptionalOutputsVerifyType","x-xsd-full-type":"dss2:OptionalOutputsVerifyType","type":"object","properties":{"policy":{"type":"array","items":{"type":"string"}},"other":{"type":"array","items":{"$ref":"#\/components\/schemas\/dsb-AnyType"}},"schemas":{"$ref":"#\/components\/schemas\/dss2-SchemasType"},"result":{"$ref":"#\/components\/schemas\/dss2-VerifyManifestResultsType"},"signingTimeInfo":{"$ref":"#\/components\/schemas\/dss2-SigningTimeInfoType"},"verificationTimeInfo":{"$ref":"#\/components\/schemas\/dss2-VerificationTimeInfoType"},"procDetails":{"$ref":"#\/components\/schemas\/dss2-ProcessingDetailsType"},"signerIdentity":{"$ref":"#\/components\/schemas\/saml2rw-NameIDType"},"augSig":{"type":"array","items":{"$ref":"#\/components\/schemas\/dss2-AugmentedSignatureType"}},"timestampedSig":{"type":"array","items":{"$ref":"#\/components\/schemas\/dss2-AugmentedSignatureType"}}}},"dss2-VerifyManifestResultsType":{"x-xsd-type":"VerifyManifestResultsType","x-xsd-full-type":"dss2:VerifyManifestResultsType","type":"object","properties":{"result":{"type":"array","items":{"$ref":"#\/components\/schemas\/dss2-ManifestResultType"}}},"required":["result"]},"dss2-ManifestResultType":{"x-xsd-type":"ManifestResultType","x-xsd-full-type":"dss2:ManifestResultType","type":"object","properties":{"xPath":{"type":"string"},"status":{"type":"string","enum":["urn:oasis:names:tc:dss:1.0:manifeststatus:Valid","urn:oasis:names:tc:dss:1.0:manifeststatus:Invalid"]},"nsDecl":{"type":"array","items":{"$ref":"#\/components\/schemas\/dsb-NsPrefixMappingType"}}},"required":["xPath","status"]},"dss2-SigningTimeInfoType":{"x-xsd-type":"SigningTimeInfoType","x-xsd-full-type":"dss2:SigningTimeInfoType","type":"object","properties":{"signingTime":{"type":"integer","format":"utc-millisec"},"bounds":{"$ref":"#\/components\/schemas\/dss2-SigningTimeBoundariesType"}},"required":["signingTime"]},"dss2-SigningTimeBoundariesType":{"x-xsd-type":"SigningTimeBoundariesType","x-xsd-full-type":"dss2:SigningTimeBoundariesType","type":"object","properties":{"lowerBound":{"type":"integer","format":"utc-millisec"},"upperBound":{"type":"integer","format":"utc-millisec"}}},"dss2-VerificationTimeInfoType":{"x-xsd-type":"VerificationTimeInfoType","x-xsd-full-type":"dss2:VerificationTimeInfoType","type":"object","properties":{"verificationTime":{"type":"integer","format":"utc-millisec"},"additionalTimeInfo":{"type":"array","items":{"$ref":"#\/components\/schemas\/dss2-AdditionalTimeInfoType"}}},"required":["verificationTime"]},"dss2-AdditionalTimeInfoType":{"x-xsd-type":"AdditionalTimeInfoType","x-xsd-full-type":"dss2:AdditionalTimeInfoType","type":"object","properties":{"value":{"type":"integer","format":"utc-millisec"},"type":{"type":"string","format":"uri"},"ref":{"type":"string"}},"required":["type"]},"dss2-ProcessingDetailsType":{"x-xsd-type":"ProcessingDetailsType","x-xsd-full-type":"dss2:ProcessingDetailsType","type":"object","properties":{"valid":{"type":"array","items":{"$ref":"#\/components\/schemas\/dss2-DetailType"}},"indeterminate":{"type":"array","items":{"$ref":"#\/components\/schemas\/dss2-DetailType"}},"invalid":{"type":"array","items":{"$ref":"#\/components\/schemas\/dss2-DetailType"}}}},"dss2-DetailType":{"x-xsd-type":"DetailType","x-xsd-full-type":"dss2:DetailType","type":"object","properties":{"code":{"type":"string"},"msg":{"$ref":"#\/components\/schemas\/dsb-InternationalStringType"},"b64Content":{"type":"string"},"type":{"type":"string","format":"uri"}},"required":["type"]},"dss2-AugmentedSignatureType":{"x-xsd-type":"AugmentedSignatureType","x-xsd-full-type":"dss2:AugmentedSignatureType","type":"object","properties":{"sigObj":{"type":"array","items":{"$ref":"#\/components\/schemas\/dss2-SignatureObjectType"}},"docWithSignature":{"type":"array","items":{"$ref":"#\/components\/schemas\/dss2-DocumentWithSignatureType"}},"type":{"type":"string","format":"uri"}}},"dss2-PendingRequestType":{"x-xsd-type":"PendingRequestType","x-xsd-full-type":"dss2:PendingRequestType","type":"object","properties":{"profile":{"type":"array","items":{"type":"string"}},"reqID":{"type":"string"},"claimedIdentity":{"$ref":"#\/components\/schemas\/dss2-ClaimedIdentityType"}}},"dsb-ResponseBaseType":{"x-xsd-type":"ResponseBaseType","x-xsd-full-type":"dsb:ResponseBaseType","type":"object","properties":{"result":{"$ref":"#\/components\/schemas\/dsb-ResultType"},"profile":{"type":"array","items":{"type":"string"}},"reqID":{"type":"string"},"respID":{"type":"string"}},"required":["result"]}}}}